user,logins,web_visits,file_access_count,network_usage,usb_usage,login_hour,role
DTAA/AAA0371,536,7085,2326,3982.1794336207313,0.0,9.225746268656716,Engineer
DTAA/AAC0344,345,14884,4887,8365.668128441914,0.0,7.518840579710145,Admin
DTAA/AAC0599,345,14926,4900,8389.274555571354,0.0,7.484057971014493,Engineer
DTAA/AAH0734,345,16740,5496,9408.847384447572,0.0,8.0,Finance
DTAA/AAK0658,345,14715,4831,8270.680362135365,0.0,8.0,HR
DTAA/AAK0924,345,18489,6070,10391.88645705204,0.0,8.0,Intern
DTAA/AAR0508,345,18609,6110,10459.333391707578,0.0,7.0,Engineer
DTAA/AAS0709,639,16684,5478,9377.372148274986,0.0,9.661971830985916,Admin
DTAA/ABB0272,738,17309,5683,9728.658266272581,345.0,10.004065040650406,Intern
DTAA/ABD0833,345,16568,5440,9312.173444774633,0.0,7.524637681159421,Engineer
DTAA/ABG0179,345,16589,5447,9323.976658339352,0.0,8.501449275362319,Admin
DTAA/ABH0963,345,16812,5520,9449.315545240894,0.0,7.0,Engineer
DTAA/ABL0836,345,20394,6696,11462.606544708708,0.0,7.452173913043478,Finance
DTAA/ABS0726,394,18073,5934,10158.07041691284,31.0,8.32741116751269,HR
DTAA/ACD0647,345,20380,6691,11454.737735665562,0.0,6.0,Admin
DTAA/ACH0803,411,16738,5495,9407.723268869979,273.0,7.669099756690998,Intern
DTAA/ACL0865,345,18502,6075,10399.19320830639,0.0,7.0,Finance
DTAA/ACM0061,345,16459,5404,9250.909145795853,0.0,8.492753623188406,Engineer
DTAA/ACR0400,345,18228,5985,10245.189374176243,0.0,8.0,Intern
DTAA/ADR0219,345,12577,4129,7069.000809689193,0.0,8.0,Intern
DTAA/AEC0750,345,16280,5345,9150.300801601341,0.0,7.0,Intern
DTAA/AEG0905,345,20966,6884,11784.103599900107,0.0,8.0,Finance
DTAA/AEW0730,345,13939,4576,7834.523518029551,0.0,8.0,Intern
DTAA/AFD0868,345,17363,5701,9759.009386867574,0.0,8.498550724637681,Finance
DTAA/AFF0760,116,895,293,503.0417209725553,3.0,9.0,Intern
DTAA/AFG0122,458,12638,4149,7103.286334805759,0.0,7.978165938864628,Admin
DTAA/AFH0331,639,18773,6164,10551.510869070147,274.0,9.705790297339593,HR
DTAA/AFN0918,647,15107,4960,8491.007015343455,213.0,9.669242658423492,Admin
DTAA/AFO0022,685,17165,5636,9647.721944685936,0.0,9.364963503649635,Intern
DTAA/AFR0646,345,17155,5632,9642.101366797973,242.0,8.0,Admin
DTAA/AGB0091,345,14434,4739,8112.7421234836465,0.0,7.0,Finance
DTAA/AGF0088,345,14823,4867,8331.38260332535,0.0,7.452173913043478,HR
DTAA/AGG0562,345,12161,3993,6835.184769549995,0.0,8.521739130434783,HR
DTAA/AGW0182,744,13058,4287,7339.350606100143,185.0,9.60752688172043,HR
DTAA/AHD0147,345,13308,4369,7479.8650532991805,0.0,7.533333333333333,HR
DTAA/AHS0926,345,14734,4837,8281.359460122492,0.0,7.51304347826087,Admin
DTAA/AHV0103,605,13383,4394,7522.019387458891,0.0,10.16198347107438,Admin
DTAA/AIB0797,676,16732,5493,9404.350922137202,108.0,10.01923076923077,Admin
DTAA/AIC0321,345,11778,3867,6619.9166364410685,0.0,7.527536231884058,Finance
DTAA/AID0577,345,14696,4825,8260.001264148239,0.0,7.0,Finance
DTAA/AJA0220,705,13772,4522,7740.659867300595,163.0,9.354609929078014,HR
DTAA/AJB0016,709,15848,5203,8907.491836841404,310.0,10.727785613540197,HR
DTAA/AJB0370,626,12924,4243,7264.034862401458,104.0,9.143769968051119,Admin
DTAA/AJC0203,345,14134,4640,7944.124786844801,0.0,8.0,Engineer
DTAA/AJC0266,701,10825,3554,6084.275563718336,310.0,10.319543509272467,Admin
DTAA/AJC0399,114,486,159,273.1600853549295,35.0,11.035087719298245,Admin
DTAA/AJM0302,345,11074,3636,6224.2279531285785,0.0,7.0,Admin
DTAA/AJN0804,742,14069,4619,7907.591030573051,0.0,9.74123989218329,Intern
DTAA/AJP0553,426,13986,4592,7860.940234102971,20.0,8.769953051643192,Admin
DTAA/AJS0917,345,13682,4492,7690.07466630894,0.0,6.0,HR
DTAA/AJS0978,345,12171,3996,6840.805347437957,0.0,8.0,Engineer
DTAA/AKA0033,345,13930,4573,7829.464997930386,0.0,6.0,Intern
DTAA/AKH0067,345,10750,3529,6042.121229558626,0.0,7.0,Admin
DTAA/AKM0969,345,10795,3544,6067.413830054452,0.0,7.495652173913044,Admin
DTAA/AKP0173,345,10707,3515,6017.952744640391,0.0,7.0,Engineer
DTAA/AKS0283,744,13360,4386,7509.09205831658,6.0,10.438172043010752,Admin
DTAA/AKW0582,666,11310,3713,6356.87359128447,0.0,10.205705705705705,Engineer
DTAA/ALC0244,345,10703,3514,6015.704513485206,0.0,7.0,Engineer
DTAA/ALK0520,712,11859,3893,6665.443317333557,0.0,9.990168539325843,HR
DTAA/ALL0155,345,12877,4228,7237.618146328039,0.0,8.0,Finance
DTAA/ALN0201,345,13098,4300,7361.832917651988,0.0,7.0,Admin
DTAA/ALS0087,345,10929,3588,6142.729573753137,0.0,7.539130434782609,Admin
DTAA/ALW0250,345,11723,3849,6589.00345805728,0.0,7.0,Finance
DTAA/ALW0694,621,10450,3431,5873.50389291978,0.0,9.006441223832528,Engineer
DTAA/ALW0834,626,10659,3499,5990.9739707781755,0.0,10.228434504792332,Engineer
DTAA/AMA0191,660,14316,4700,8046.419304405701,355.0,9.078787878787878,Finance
DTAA/AMA0606,400,9618,3158,5405.871812641382,0.0,7.035,HR
DTAA/AMD0432,345,10416,3420,5854.393928100711,0.0,8.0,Intern
DTAA/AMH0101,345,11972,3931,6728.955847467522,0.0,7.501449275362319,HR
DTAA/AMM0340,609,12931,4245,7267.969266923031,0.0,9.146141215106733,Admin
DTAA/AMM0661,345,11740,3854,6598.558440466815,0.0,7.0,Intern
DTAA/AMM0830,345,10543,3461,5925.775267277822,0.0,7.547826086956522,Intern
DTAA/AMS0897,630,11929,3916,6704.7873625492875,0.0,9.25873015873016,Admin
DTAA/ANC0012,622,13968,4586,7850.82319390464,0.0,10.210610932475884,Intern
DTAA/ANS0172,345,12728,4179,7153.871535797412,0.0,7.0,Finance
DTAA/ANW0351,345,10548,3463,5928.585556221803,0.0,8.0,Admin
DTAA/AOC0511,345,10578,3473,5945.4472898856875,0.0,7.533333333333333,HR
DTAA/APC0769,345,9234,3031,5190.0416217436605,0.0,7.521739130434782,Engineer
DTAA/AQG0678,212,1363,447,766.0847661291541,112.0,9.660377358490566,Finance
DTAA/ARB0050,345,12763,4190,7173.5435584052775,0.0,8.0,Intern
DTAA/ARB0100,339,9314,3058,5235.006244847353,0.0,7.0,Intern
DTAA/ARC0677,698,12580,4130,7070.6869830555825,0.0,10.948424068767908,Finance
DTAA/ARF0269,345,9388,3082,5276.598521218268,0.0,7.478260869565218,Admin
DTAA/ARG0405,345,13912,4568,7819.347957732056,0.0,8.0,Engineer
DTAA/ARK0026,356,11224,3685,6308.536621448001,242.0,7.601123595505618,Admin
DTAA/ARM0416,626,9409,3089,5288.401734782987,181.0,9.28594249201278,Intern
DTAA/ARP0948,345,10656,3498,5989.287797411787,0.0,7.536231884057971,Engineer
DTAA/ARR0758,345,12831,4213,7211.763488043416,0.0,8.0,Intern
DTAA/ARR0878,345,9102,2988,5115.849993622568,0.0,7.501449275362319,Admin
DTAA/ARR0977,706,10873,3570,6111.254337580552,136.0,9.898016997167138,Engineer
DTAA/ARS0993,2386,5908,1939,3320.6374162076613,0.0,11.059932942162614,Engineer
DTAA/ARW0541,345,10482,3441,5891.489742161257,0.0,8.0,Admin
DTAA/ASC0132,399,9960,3270,5598.095576409666,0.0,7.611528822055138,Finance
DTAA/ASO0023,724,9210,3024,5176.552234812552,14.0,9.493093922651934,Finance
DTAA/ASP0799,345,9196,3019,5168.683425769406,0.0,7.0,HR
DTAA/ASR0539,345,10498,3447,5900.482666781995,0.0,7.498550724637681,Intern
DTAA/ASS0824,345,12667,4159,7119.586010680848,0.0,7.542028985507247,Intern
DTAA/ASV0049,659,10938,3591,6147.788093852302,37.0,10.160849772382397,Engineer
DTAA/ATJ0284,351,10448,3430,5872.3797773421875,275.0,7.034188034188034,Finance
DTAA/AUM0365,626,10460,3434,5879.124470807742,0.0,9.592651757188499,HR
DTAA/AWB0828,345,9265,3042,5207.465413196341,0.0,8.0,Admin
DTAA/AXB0007,345,10585,3475,5949.3816944072605,0.0,8.0,Intern
DTAA/AZC0030,372,10184,3343,5723.9965211000035,138.0,7.881720430107527,Finance
DTAA/AZS0738,345,10493,3445,5897.672377838015,0.0,7.492753623188406,Finance
DTAA/BAB0505,345,10415,3419,5853.831870311915,0.0,7.0,Intern
DTAA/BAE0444,345,10483,3442,5892.0517999500535,0.0,7.515942028985507,Engineer
DTAA/BAF0379,435,10477,3440,5888.679453217276,157.0,8.717241379310344,HR
DTAA/BAH0774,345,10454,3432,5875.752124074965,0.0,7.495652173913044,Intern
DTAA/BAK0787,345,10628,3489,5973.550179325495,0.0,8.0,Engineer
DTAA/BAM0466,361,13746,4513,7726.046364791894,0.0,7.916897506925208,Admin
DTAA/BBH0313,345,10432,3425,5863.386852721449,0.0,7.472463768115942,Finance
DTAA/BBM0499,463,10257,3367,5765.026739682123,0.0,8.17278617710583,Intern
DTAA/BBP0623,345,11420,3749,6418.699948052047,0.0,7.507246376811594,Finance
DTAA/BCB0013,345,9327,3062,5242.312996101702,0.0,8.0,Finance
DTAA/BCG0303,345,9393,3084,5279.408810162248,0.0,6.489855072463768,HR
DTAA/BCG0692,345,10480,3441,5890.365626583664,0.0,6.472463768115942,Intern
DTAA/BCH0912,345,11403,3744,6409.144965642512,0.0,8.0,Admin
DTAA/BCJ0800,371,11561,3796,6497.950096272304,178.0,8.277628032345014,Engineer
DTAA/BCM0558,627,9155,3006,5145.639056428764,0.0,9.58213716108453,Finance
DTAA/BCM0899,345,11336,3722,6371.48709379317,0.0,9.0,Finance
DTAA/BCR0547,345,10719,3519,6024.6974381059445,0.0,7.0,Finance
DTAA/BCS0374,345,12751,4186,7166.798864939724,0.0,8.484057971014492,Engineer
DTAA/BCV0109,345,10623,3488,5970.739890381515,0.0,6.0,Finance
DTAA/BCW0386,345,9316,3058,5236.130360424944,0.0,9.0,Engineer
DTAA/BDH0038,691,8536,2802,4797.725285163947,0.0,9.366136034732271,Intern
DTAA/BDI0634,345,11442,3756,6431.065219405562,0.0,8.0,Engineer
DTAA/BFO0438,345,11700,3841,6576.076128914969,0.0,6.501449275362319,Finance
DTAA/BFO0974,110,1874,615,1053.2962962039874,0.0,6.5181818181818185,Finance
DTAA/BFV0911,345,10160,3336,5710.507134168896,0.0,7.0,Finance
DTAA/BGF0236,632,9113,2992,5122.032629299326,312.0,10.169303797468354,Intern
DTAA/BGN0054,345,7528,2471,4231.171034057426,0.0,7.443478260869565,Intern
DTAA/BGV0046,633,9654,3169,5426.105893038044,0.0,9.593996840442339,Admin
DTAA/BGW0009,59,519,170,291.7079923852025,0.0,8.423728813559322,Engineer
DTAA/BHH0460,141,2292,752,1288.2364519207786,0.0,8.0,Admin
DTAA/BIM0736,345,11768,3864,6614.296058553107,0.0,7.0,HR
DTAA/BIR0534,791,9176,3012,5157.442269993483,8.0,9.683944374209862,HR
DTAA/BJC0569,612,9650,3168,5423.857661882859,238.0,8.55718954248366,Engineer
DTAA/BJM0311,345,10972,3602,6166.898058671371,0.0,8.0,Intern
DTAA/BJM0992,2453,5532,1816,3109.3036876203087,0.0,10.903383611903791,Admin
DTAA/BKH0156,345,9553,3136,5369.338056369633,0.0,8.498550724637681,Engineer
DTAA/BKM0116,711,10287,3377,5781.888473346007,0.0,9.565400843881857,Intern
DTAA/BLB0079,710,7710,2531,4333.465551618326,0.0,9.42112676056338,Finance
DTAA/BLS0098,377,10024,3291,5634.06727489262,0.0,7.848806366047746,Admin
DTAA/BMK0943,628,7647,2510,4298.0559109241685,0.0,10.285031847133759,Engineer
DTAA/BML0618,345,8909,2925,5007.372840384911,0.0,7.0,Admin
DTAA/BMM0247,259,2711,890,1523.738665426366,0.0,8.293436293436294,HR
DTAA/BMR0412,735,5253,1724,2952.4895645461825,0.0,10.896598639455782,HR
DTAA/BMR0596,345,7319,2403,4113.700956199031,0.0,8.0,Admin
DTAA/BMS0001,345,6567,2156,3691.033499024325,0.0,8.0,HR
DTAA/BNG0510,345,8033,2637,4515.010217399483,0.0,8.472463768115942,Admin
DTAA/BNL0480,345,7342,2410,4126.628285341342,0.0,7.0,Engineer
DTAA/BNM0353,632,8095,2657,4549.857800304844,0.0,9.61867088607595,Intern
DTAA/BNN0072,345,8120,2666,4563.909245024748,0.0,8.0,Finance
DTAA/BNW0850,136,1584,520,890.2995374531035,43.0,7.477941176470588,Engineer
DTAA/BPB0808,677,4725,1551,2655.7230520618145,0.0,9.299852289512556,Finance
DTAA/BPC0533,686,7428,2438,4174.965255177811,175.0,10.517492711370263,Finance
DTAA/BQW0149,345,7239,2376,4068.7363330953385,0.0,8.0,HR
DTAA/BRB0908,345,6491,2131,3648.3171070758176,0.0,8.0,Admin
DTAA/BSG0869,345,6461,2121,3631.455373411933,0.0,7.591304347826087,Admin
DTAA/BSM0334,345,7103,2332,3992.296473819062,0.0,8.0,Engineer
DTAA/BTH0004,214,1120,367,629.5047234516893,0.0,9.705607476635514,Engineer
DTAA/BTH0358,345,5794,1902,3256.5628282849,0.0,8.0,Engineer
DTAA/BTW0973,683,7196,2362,4044.567848177104,16.0,9.162518301610541,Finance
DTAA/BVM0716,345,6318,2074,3551.0811096140833,0.0,8.0,Finance
DTAA/BWS0872,673,5992,1967,3367.850270466538,0.0,10.809806835066865,Finance
DTAA/BXY0648,345,5065,1663,2846.822700252506,0.0,8.0,Finance
DTAA/BYB0347,622,5636,1850,3167.757697655108,68.0,9.594855305466238,Engineer
DTAA/BZH0120,345,6244,2050,3509.4888332431683,0.0,8.0,Admin
DTAA/BZM0434,345,5654,1856,3177.874737853439,0.0,7.501449275362319,Intern
DTAA/CAC0854,638,7390,2426,4153.607059203558,272.0,9.653605015673982,Intern
DTAA/CAH0610,345,6039,1982,3394.266986539957,0.0,8.527536231884058,Intern
DTAA/CAH0921,345,5402,1773,3036.2361750768086,0.0,7.0,Finance
DTAA/CAM0975,345,4720,1549,2652.9127631178335,0.0,8.0,Admin
DTAA/CAO0951,345,4548,1493,2556.238823444896,0.0,7.492753623188406,Intern
DTAA/CAR0015,625,5225,1715,2936.75194645989,0.0,8.56,Intern
DTAA/CAV0757,345,5722,1878,3216.094667491577,0.0,7.0,HR
DTAA/CAW0976,610,5186,1702,2914.83169269684,110.0,9.59344262295082,Admin
DTAA/CBB0075,627,6989,2294,3928.2218858963006,0.0,9.161084529505581,Engineer
DTAA/CBC0653,345,5747,1887,3230.146112211481,0.0,8.515942028985508,Engineer
DTAA/CBH0762,345,4437,1456,2493.850408888523,0.0,7.501449275362319,Admin
DTAA/CBP0628,345,6833,2243,3840.5408708441014,0.0,6.0,Intern
DTAA/CBR0104,642,5603,1839,3149.209790624835,0.0,10.095015576323988,Finance
DTAA/CBR0208,345,4364,1432,2452.8201903064037,0.0,8.0,Admin
DTAA/CBR0439,627,5963,1957,3351.5505945914497,0.0,9.25518341307815,Admin
DTAA/CCA0349,345,4096,1344,2302.1887029090353,0.0,9.0,HR
DTAA/CCB0366,345,4690,1539,2636.051029453949,0.0,7.0,HR
DTAA/CCB0496,630,3444,1130,1935.7270246139446,210.0,9.022222222222222,Admin
DTAA/CCG0876,626,3946,1295,2217.8800345896125,171.0,9.559105431309904,Intern
DTAA/CCH0497,345,4040,1326,2270.7134667364508,0.0,7.573913043478261,Intern
DTAA/CCM0827,535,2212,726,1243.2718288170865,0.0,9.71588785046729,Finance
DTAA/CDE0193,650,3839,1260,2157.7398511884244,0.0,10.34,HR
DTAA/CDE0810,629,4418,1450,2483.171310901396,0.0,10.235294117647058,Admin
DTAA/CDF0585,345,3489,1145,1961.0196251097716,0.0,7.0,Engineer
DTAA/CDK0329,360,3801,1248,2136.3816552141707,0.0,7.186111111111111,Intern
DTAA/CDR0453,345,3282,1077,1844.6736628289682,0.0,6.0,Intern
DTAA/CDS0110,630,3822,1254,2148.1848687788897,0.0,9.601587301587301,Intern
DTAA/CDS0300,345,3614,1186,2031.2768487092906,0.0,7.524637681159421,Intern
DTAA/CDZ0056,813,3332,1094,1872.7765522687757,82.0,9.664206642066421,HR
DTAA/CEB0718,345,2887,947,1622.6608362544885,0.0,7.0,Finance
DTAA/CGC0877,345,4673,1534,2626.4960470444144,0.0,8.0,Finance
DTAA/CGH0125,345,2799,919,1573.1997508404272,0.0,7.0,Engineer
DTAA/CGM0319,684,3475,1141,1953.1508160666253,0.0,9.153508771929825,Finance
DTAA/CGM0343,764,3484,1143,1958.2093361657908,134.0,9.658376963350785,Intern
DTAA/CGM0994,2555,2005,658,1126.9258665362831,0.0,10.804305283757339,HR
DTAA/CGR0202,345,2686,881,1509.687220706462,0.0,8.460869565217392,Engineer
DTAA/CGT0183,345,3922,1287,2204.390647658505,0.0,7.0,Engineer
DTAA/CHA0174,779,2999,984,1685.6113085996574,344.0,10.428754813863929,Engineer
DTAA/CHM0645,413,2829,928,1590.0614845043117,134.0,8.11864406779661,Engineer
DTAA/CHS0324,686,3189,1047,1792.4022884709261,23.0,9.348396501457726,Finance
DTAA/CIB0489,4,6,1,3.372346732776907,0.0,8.5,Engineer
DTAA/CJG0638,740,2272,746,1276.9952961448555,0.0,11.21081081081081,Finance
DTAA/CJW0317,729,3074,1009,1727.7656427593688,272.0,9.421124828532236,Intern
DTAA/CKB0536,345,2402,788,1350.0628086883553,0.0,7.457971014492753,Engineer
DTAA/CKR0296,608,3574,1173,2008.7945371574444,0.0,9.93421052631579,Intern
DTAA/CKW0622,345,2622,860,1473.7155222235085,0.0,7.0,HR
DTAA/CLB0995,2418,1539,505,865.0069369572767,0.0,10.907775020678246,Admin
DTAA/CLK0383,684,2724,894,1531.0454166807158,10.0,9.271929824561404,Intern
DTAA/CLN0999,2454,1322,434,743.0403967885119,0.0,11.148329258353709,Intern
DTAA/CLP0332,629,2269,745,1275.309122778467,0.0,10.260731319554848,Admin
DTAA/CLS0819,345,2575,845,1447.2988061500894,34.0,8.469565217391304,Engineer
DTAA/CMC0814,345,2967,974,1667.6254593581807,0.0,7.0,Engineer
DTAA/CMF0339,698,3050,1001,1714.2762558282611,13.0,9.053008595988539,Intern
DTAA/CMM0900,345,2350,771,1320.8358036709553,0.0,8.0,Intern
DTAA/CMU0028,345,2128,698,1196.0589745582097,0.0,7.466666666666667,Engineer
DTAA/CNB0615,345,1976,648,1110.6261906611949,0.0,7.478260869565218,HR
DTAA/CNS0950,345,3040,998,1708.6556779402997,0.0,8.495652173913044,Engineer
DTAA/CNT0514,345,2288,751,1285.988220765594,0.0,6.0,Finance
DTAA/COS0121,778,2155,707,1211.2345348557058,115.0,9.6426735218509,Engineer
DTAA/CPM0959,345,2690,883,1511.9354518616467,0.0,7.0,Engineer
DTAA/CPP0761,351,2584,848,1452.3573262492548,173.0,8.094017094017094,Engineer
DTAA/CPS0559,629,2354,772,1323.08403482614,0.0,9.166931637519873,Finance
DTAA/CRC0996,2415,1377,452,773.9535751723002,0.0,11.118426501035197,Engineer
DTAA/CRF0074,620,2660,873,1495.0737181977622,0.0,11.001612903225807,Finance
DTAA/CRJ0934,345,2322,762,1305.098185584663,0.0,8.0,Engineer
DTAA/CRM0058,171,710,233,399.06103004526733,0.0,8.508771929824562,Intern
DTAA/CSA0071,345,2598,853,1460.2261352924008,0.0,8.0,Engineer
DTAA/CSB0363,345,2900,952,1629.9675875088385,0.0,7.0,Finance
DTAA/CSC0297,657,2255,740,1267.440313735321,244.0,8.439878234398781,Finance
DTAA/CSD0739,345,2553,838,1434.9335347965741,0.0,7.0,Admin
DTAA/CSR0189,383,2223,729,1249.4544644938442,0.0,7.046997389033942,Finance
DTAA/CTF0687,394,2737,898,1538.3521679350658,0.0,7.9238578680203045,HR
DTAA/CTH0082,402,3186,1046,1790.7161151045377,0.0,8.213930348258707,HR
DTAA/CTH0856,402,2144,703,1205.0518991789481,137.0,7.932835820895522,HR
DTAA/CTR0537,477,796,261,447.3979998817364,4.0,9.356394129979035,Admin
DTAA/CVW0133,670,2737,898,1538.3521679350658,108.0,9.452238805970149,Engineer
DTAA/CWG0305,670,3032,995,1704.1592156299305,59.0,10.892537313432836,Engineer
DTAA/CYK0330,677,2555,838,1436.0576503741663,105.0,9.80797636632201,Engineer
DTAA/CZB0163,345,1818,596,1021.8210600314029,0.0,6.469565217391304,Intern
DTAA/DAG0754,628,2273,746,1277.5573539336517,0.0,9.651273885350319,HR
DTAA/DAO0613,409,1519,498,853.7657811813536,0.0,6.909535452322738,HR
DTAA/DAR0341,345,2311,758,1298.9155499079054,0.0,7.0,HR
DTAA/DAV0579,629,1946,638,1093.7644569973102,345.0,9.620031796502385,Finance
DTAA/DAW0123,220,831,272,467.0700224896016,0.0,7.0,HR
DTAA/DAW0199,146,444,145,249.55365822549115,0.0,7.527397260273973,HR
DTAA/DAW0221,360,2608,856,1465.8467131803623,0.0,8.436111111111112,Intern
DTAA/DBA0367,345,1818,596,1021.8210600314029,0.0,7.0,HR
DTAA/DBB0235,648,2421,794,1360.7419066754821,247.0,10.287037037037036,Finance
DTAA/DBF0903,740,1963,644,1103.3194394068448,172.0,9.593243243243244,Admin
DTAA/DBG0686,345,2209,725,1241.585655450698,0.0,7.0,Finance
DTAA/DBM0698,616,1771,581,995.4043439579838,0.0,8.972402597402597,Engineer
DTAA/DCB0462,640,3162,1038,1777.22672817343,0.0,9.2109375,Engineer
DTAA/DCC0600,413,2281,748,1282.053816244021,74.0,7.704600484261501,Engineer
DTAA/DCF0307,345,2583,848,1451.7952684604586,0.0,7.518840579710145,Engineer
DTAA/DCM0725,345,2223,729,1249.4544644938442,0.0,8.0,HR
DTAA/DDD0915,644,2761,906,1551.8415548661735,0.0,9.712732919254659,Finance
DTAA/DDJ0535,345,2559,840,1438.305881529351,0.0,7.0,Admin
DTAA/DDK0417,775,2379,781,1337.1354795460438,219.0,10.529032258064516,Engineer
DTAA/DDW0643,625,2419,794,1359.6177910978897,0.0,9.152,HR
DTAA/DEP0563,345,2276,747,1279.2435273000401,0.0,7.0,Admin
DTAA/DFW0798,609,2221,729,1248.3303489162518,239.0,10.185550082101805,HR
DTAA/DFZ0063,673,1685,553,947.0673741215148,32.0,10.268945022288262,Intern
DTAA/DGM0240,742,2062,677,1158.9631604976637,0.0,11.320754716981131,Intern
DTAA/DIS0382,703,1930,633,1084.7715323765717,326.0,9.883357041251777,Intern
DTAA/DJC0162,345,2768,908,1555.7759593877465,0.0,7.489855072463768,Finance
DTAA/DJW0368,673,2364,776,1328.7046127141014,0.0,9.774145616641903,Finance
DTAA/DKB0409,345,2120,696,1191.5625122478405,0.0,8.0,HR
DTAA/DKR0696,345,2113,693,1187.6281077262674,0.0,8.495652173913044,Admin
DTAA/DLM0723,461,1961,643,1102.1953238292524,0.0,8.086767895878525,Admin
DTAA/DME0620,345,2465,809,1385.4724493825127,0.0,8.0,Intern
DTAA/DMR0377,748,2434,799,1368.048657929832,0.0,10.040106951871659,HR
DTAA/DNH0619,345,1947,639,1094.3265147861064,0.0,8.0,HR
DTAA/DNM0143,345,2389,784,1342.7560574340052,0.0,8.0,Engineer
DTAA/DNS0937,718,2312,759,1299.4776076967016,0.0,10.29108635097493,Intern
DTAA/DOC0003,345,1975,648,1110.0641328723987,0.0,9.0,HR
DTAA/DOO0986,345,2209,725,1241.585655450698,0.0,8.0,Finance
DTAA/DRD0916,345,2204,723,1238.7753665067173,0.0,7.478260869565218,Intern
DTAA/DRH0790,345,2421,794,1360.7419066754821,0.0,6.48695652173913,Intern
DTAA/DRM0312,626,1799,590,1011.141962044276,0.0,9.145367412140574,Admin
DTAA/DRN0845,736,2178,715,1224.1618639980172,0.0,10.498641304347826,Engineer
DTAA/DRO0126,626,2153,706,1210.1104192781136,0.0,9.702875399361023,Admin
DTAA/DRO0516,345,1889,620,1061.7271630359296,0.0,8.0,Intern
DTAA/DRP0428,703,1918,629,1078.026838911018,0.0,8.778093883357041,HR
DTAA/DSB0887,356,2283,749,1283.1779318216131,0.0,7.651685393258427,Intern
DTAA/DSH0627,364,2491,817,1400.0859518912127,9.0,7.736263736263736,HR
DTAA/DSM0990,2493,1299,426,730.1130676462004,0.0,11.172884075411151,Intern
DTAA/DSS0112,626,1754,575,985.8493615484492,0.0,8.984025559105431,Finance
DTAA/DST0527,345,1727,567,970.6738012509531,0.0,6.0,Engineer
DTAA/DST0857,345,2403,789,1350.6248664771513,0.0,7.515942028985507,HR
DTAA/DTD0380,627,2162,709,1215.168939377279,0.0,10.033492822966506,Admin
DTAA/DWB0426,345,1754,575,985.8493615484492,0.0,7.0,Finance
DTAA/DWF0128,275,390,128,219.20253763049897,0.0,10.927272727272728,Admin
DTAA/DXM0213,345,2169,712,1219.103343898852,0.0,7.0,Intern
DTAA/EAM0745,345,2135,701,1199.993379079783,0.0,8.0,Admin
DTAA/EAR0695,345,1779,584,999.900806268353,0.0,7.0,Intern
DTAA/EBP0037,362,2309,758,1297.7914343303132,247.0,6.237569060773481,Finance
DTAA/EBS0287,627,1503,493,844.7728565606153,0.0,9.993620414673046,Intern
DTAA/ECB0185,383,2110,692,1185.941934359879,0.0,7.877284595300261,Engineer
DTAA/ECB0494,345,1891,620,1062.851278613522,0.0,8.0,Admin
DTAA/ECD0029,334,2129,699,1196.621032347006,0.0,9.0,Engineer
DTAA/ECG0753,345,1771,581,995.4043439579838,0.0,7.0,Intern
DTAA/ECM0214,713,1797,590,1010.0178464666837,75.0,9.830294530154278,HR
DTAA/ECT0491,345,1591,522,894.2339419746766,0.0,8.0,Intern
DTAA/EDC0357,345,1860,610,1045.4274871608413,0.0,7.0,Admin
DTAA/EDG0766,345,2020,663,1135.3567333682254,0.0,8.0,Intern
DTAA/EDH0146,717,2624,861,1474.8396378011007,206.0,10.02231520223152,Admin
DTAA/EDR0642,345,1855,609,1042.6171982168605,0.0,7.507246376811594,HR
DTAA/EDW0137,345,2688,882,1510.8113362840545,0.0,7.0,HR
DTAA/EEB0134,630,2095,687,1177.5110675279368,0.0,10.134920634920634,Engineer
DTAA/EEK0031,345,1510,495,848.7072610821883,0.0,8.0,Finance
DTAA/EFS0114,345,2650,870,1489.4531403098008,0.0,6.527536231884058,Finance
DTAA/EGG0294,345,2356,773,1324.2081504037321,0.0,7.472463768115942,Intern
DTAA/EGM0401,643,2471,811,1388.8447961152897,65.0,8.62208398133748,Finance
DTAA/EJB0888,345,1772,581,995.96640174678,0.0,7.530434782608696,Finance
DTAA/EJS0513,624,1883,618,1058.3548163031528,0.0,10.221153846153847,Finance
DTAA/EKB0587,345,2388,784,1342.193999645209,0.0,7.495652173913044,Engineer
DTAA/ELA0741,624,2186,717,1228.6583263083864,98.0,9.594551282051283,Admin
DTAA/ELD1000,2450,1640,538,921.774773625688,0.0,11.14734693877551,Intern
DTAA/EML0060,345,2342,768,1316.339341360586,0.0,8.0,HR
DTAA/EMM0782,345,1784,585,1002.7110952123337,0.0,7.515942028985507,Admin
DTAA/EMR0242,417,2196,721,1234.278904196348,38.0,8.261390887290167,Engineer
DTAA/EMZ0196,656,2319,761,1303.4120122182746,168.0,9.753048780487806,Finance
DTAA/ENB0293,345,1767,580,993.1561128027992,0.0,7.43768115942029,Finance
DTAA/END0616,345,2175,714,1222.4756906316288,0.0,7.510144927536232,Intern
DTAA/ENP0794,345,2540,834,1427.626783542224,0.0,8.0,HR
DTAA/EOS0972,762,1836,602,1031.9381002297337,28.0,9.772965879265092,Admin
DTAA/ERP0254,384,1927,632,1083.0853590101833,105.0,7.419270833333333,Admin
DTAA/ESB0080,615,2291,752,1287.6743941319824,212.0,9.62439024390244,Finance
DTAA/EWR0504,627,1758,577,988.0975927036338,34.0,9.226475279106857,HR
DTAA/FAF0578,345,2604,855,1463.5984820251776,0.0,8.0,Finance
DTAA/FCG0115,345,2084,684,1171.3284318511792,0.0,7.0,Intern
DTAA/FCT0552,345,2103,690,1182.007529838306,0.0,7.51304347826087,Engineer
DTAA/FDP0500,716,2330,765,1309.5946478950323,245.0,9.703910614525139,Intern
DTAA/FES0933,345,1756,576,986.9734771260415,0.0,7.0,Admin
DTAA/FFP0721,628,1911,627,1074.0924343894449,133.0,9.098726114649681,Engineer
DTAA/FGM0119,345,1918,629,1078.026838911018,0.0,8.495652173913044,HR
DTAA/FHM0931,360,2255,740,1267.440313735321,36.0,9.15,HR
DTAA/FIM0668,345,2033,667,1142.6634846225754,0.0,7.0,Admin
DTAA/FJC0138,345,2074,680,1165.7078539632175,0.0,7.0,Finance
DTAA/FKR0550,746,2091,686,1175.2628363727522,155.0,9.013404825737265,Admin
DTAA/FLC0811,345,1985,651,1115.68471076036,0.0,7.0,Admin
DTAA/FMF0197,345,2560,840,1438.8679393181471,0.0,7.515942028985507,Engineer
DTAA/FNO0471,345,2283,749,1283.1779318216131,0.0,7.484057971014493,Engineer
DTAA/FTB0295,127,391,128,219.76459541929512,0.0,8.0,Admin
DTAA/FUA0154,677,2043,670,1148.2840625105368,69.0,10.166912850812407,Admin
DTAA/GBR0420,630,1734,569,974.6082057725262,0.0,9.261904761904763,Engineer
DTAA/GCH0545,345,2629,863,1477.6499267450815,0.0,8.0,Intern
DTAA/GDG0184,669,2023,664,1137.0429067346138,0.0,9.701046337817639,Intern
DTAA/GDJ0631,625,2075,681,1166.2699117520137,0.0,9.2464,HR
DTAA/GEC0077,345,2040,669,1146.5978891441484,0.0,8.0,Admin
DTAA/GHB0863,627,1938,636,1089.267994686941,0.0,9.5725677830941,Admin
DTAA/GHC0041,624,2770,909,1556.900074965339,171.0,8.28525641025641,Intern
DTAA/GHS0664,345,2310,758,1298.3534921191092,0.0,8.0,HR
DTAA/GJG0820,345,1964,644,1103.881497195641,0.0,6.460869565217391,HR
DTAA/GJH0384,345,2549,836,1432.6853036413895,0.0,8.0,HR
DTAA/GKC0919,370,2763,907,1552.9656704437657,0.0,7.308108108108108,HR
DTAA/GKJ0573,345,2045,671,1149.4081780881293,102.0,7.472463768115942,HR
DTAA/GLB0715,710,1883,618,1058.3548163031528,0.0,10.552112676056337,Engineer
DTAA/GMF0571,625,2034,667,1143.2255424113716,0.0,9.1856,Intern
DTAA/GML0105,515,773,253,434.47067073942486,9.0,11.025242718446602,HR
DTAA/GMS0949,345,2247,737,1262.9438514249518,0.0,7.0,Finance
DTAA/GNB0481,345,1969,646,1106.6917861396216,0.0,8.0,Admin
DTAA/GNH0394,661,1885,618,1059.478931880745,169.0,9.111951588502269,Engineer
DTAA/GRC0474,626,1693,555,951.5638364318839,0.0,9.175718849840255,Finance
DTAA/GRG0693,384,2364,776,1328.7046127141014,166.0,9.088541666666666,Finance
DTAA/GRS0372,702,1658,544,931.8918138240186,144.0,10.118233618233619,HR
DTAA/GSL0697,375,2274,746,1278.119411722448,209.0,7.426666666666667,Finance
DTAA/GTJ0243,345,1432,470,804.8667535560885,0.0,7.0,Finance
DTAA/GTR0327,345,2689,882,1511.3733940728505,0.0,8.0,Admin
DTAA/GVH0277,361,1923,631,1080.8371278549987,139.0,8.171745152354571,Intern
DTAA/GWS0381,345,2709,889,1522.6145498487735,0.0,8.0,HR
DTAA/GYB0248,345,2296,753,1290.4846830759632,0.0,7.484057971014493,Finance
DTAA/GYT0279,670,1748,573,982.4770148156723,4.0,9.729850746268657,Engineer
DTAA/HAG0649,717,2111,693,1186.5039921486753,6.0,9.877266387726639,Admin
DTAA/HAS0430,627,1782,585,1001.5869796347414,0.0,9.639553429027114,Intern
DTAA/HBB0402,697,1639,538,921.2127158368918,0.0,9.69296987087518,Admin
DTAA/HBF0035,609,2259,741,1269.6885448905055,0.0,9.041050903119869,Finance
DTAA/HBL0517,626,2207,724,1240.4615398731057,280.0,9.60702875399361,Intern
DTAA/HCC0258,741,2106,691,1183.6937032046944,0.0,9.997300944669366,Intern
DTAA/HCG0731,758,2102,690,1181.4454720495098,346.0,10.222955145118734,Admin
DTAA/HCJ0171,397,2108,692,1184.8178187822868,0.0,8.110831234256928,Finance
DTAA/HCM0681,691,1201,394,675.0314043441776,0.0,9.123010130246021,Intern
DTAA/HCP0315,626,2086,684,1172.4525474287714,0.0,9.635782747603834,Intern
DTAA/HCR0525,345,2081,683,1169.6422584847905,0.0,7.515942028985507,HR
DTAA/HCR0795,345,1607,527,903.226866595415,38.0,7.0,HR
DTAA/HDB0655,208,420,137,236.0642712943835,0.0,7.716346153846154,Engineer
DTAA/HDR0261,623,2504,822,1407.3927031455626,210.0,9.614767255216693,Admin
DTAA/HDR0823,751,2062,677,1158.9631604976637,140.0,10.468708388814914,Engineer
DTAA/HED0802,711,1961,643,1102.1953238292524,0.0,10.247538677918424,Finance
DTAA/HEG0785,345,2010,659,1129.736155480264,0.0,8.0,Admin
DTAA/HER0860,233,678,222,381.0751808037905,0.0,7.523605150214593,Finance
DTAA/HFC0680,345,2043,670,1148.2840625105368,0.0,8.0,Finance
DTAA/HIB0604,345,2622,860,1473.7155222235085,137.0,8.0,Finance
DTAA/HIP0929,345,1353,444,760.4641882411926,0.0,7.0,Intern
DTAA/HJK0057,609,1652,542,928.5194670912418,0.0,8.952380952380953,HR
DTAA/HJP0784,610,2526,829,1419.757974499078,0.0,9.088524590163935,Intern
DTAA/HKG0503,345,2204,723,1238.7753665067173,0.0,7.0,Admin
DTAA/HKM0260,665,2228,731,1252.264753437825,133.0,11.150375939849624,Engineer
DTAA/HKO0796,345,1972,647,1108.3779595060103,0.0,7.0,Engineer
DTAA/HLA0457,345,2068,679,1162.3355072304407,0.0,7.0,Engineer
DTAA/HNF0812,178,156,51,87.68101505219958,88.0,10.106741573033707,HR
DTAA/HNK0421,345,2227,731,1251.7026956490288,0.0,7.510144927536232,HR
DTAA/HNR0891,615,2750,902,1545.6589191894159,0.0,10.104065040650406,HR
DTAA/HNS0858,727,2111,693,1186.5039921486753,35.0,9.797799174690509,Finance
DTAA/HOO0224,345,2294,753,1289.3605674983708,0.0,7.0,Admin
DTAA/HPF0958,345,1913,628,1075.2165499670373,0.0,6.504347826086956,Admin
DTAA/HPN0821,345,1378,452,774.5156329610963,0.0,8.0,Finance
DTAA/HRK0729,345,2190,719,1230.906557463571,0.0,7.0,Intern
DTAA/HRT0737,344,1779,584,999.900806268353,0.0,7.505813953488372,HR
DTAA/HSD0519,673,1886,619,1060.0409896695412,137.0,10.265973254086182,HR
DTAA/HSH0981,345,2597,852,1459.6640775036046,0.0,8.0,Admin
DTAA/HSM0389,628,1680,551,944.257085177534,0.0,9.117834394904458,Admin
DTAA/HSR0472,629,1996,655,1121.8673464371177,276.0,10.033386327503974,Finance
DTAA/HTC0607,739,1958,642,1100.509150462864,246.0,9.914749661705006,Admin
DTAA/HTG0554,345,2552,837,1434.371477007778,0.0,6.527536231884058,HR
DTAA/HTS0265,457,2054,674,1154.4666981872945,68.0,8.86652078774617,Finance
DTAA/HWG0148,628,1692,555,951.0017786430878,0.0,9.64171974522293,Intern
DTAA/IAC0264,345,2191,719,1231.4686152523673,0.0,7.0,Intern
DTAA/IAG0152,373,2441,801,1371.983062451405,0.0,7.42627345844504,HR
DTAA/IAH0822,636,1522,499,855.4519545477422,0.0,9.232704402515724,Intern
DTAA/ICB0779,295,1416,464,795.87382893535,0.0,9.0,HR
DTAA/ICF0629,345,1632,535,917.2783113153188,0.0,6.475362318840579,Finance
DTAA/IGB0310,345,1988,652,1117.3708841267485,0.0,8.0,Engineer
DTAA/IGC0415,345,2328,764,1308.47053231744,0.0,6.0,Engineer
DTAA/IHD0259,345,1736,570,975.7323213501185,0.0,8.0,Engineer
DTAA/IHF0040,629,1937,636,1088.705936898145,0.0,9.16852146263911,Engineer
DTAA/IIR0475,629,2167,711,1217.9792283212596,0.0,9.273449920508744,HR
DTAA/IJG0454,345,2165,710,1216.8551127436674,0.0,8.0,Admin
DTAA/IJJ0342,83,232,76,130.3974070007071,0.0,7.0,Finance
DTAA/IKH0904,750,2169,712,1219.103343898852,336.0,10.492,Intern
DTAA/IMB0473,654,2270,745,1275.8711805672633,0.0,9.32262996941896,HR
DTAA/IMD0280,345,2178,715,1224.1618639980172,0.0,8.0,Engineer
DTAA/IMD0776,345,1982,650,1113.9985373939717,0.0,7.457971014492753,Admin
DTAA/IMF0700,345,2381,781,1338.259595123636,0.0,7.495652173913044,Engineer
DTAA/IMW0965,345,1700,558,955.4982409534571,0.0,7.0,Engineer
DTAA/IRC0991,2649,1656,543,930.7676982464264,171.0,10.94865987164968,HR
DTAA/IRH0176,88,63,20,35.409640694157524,0.0,10.568181818181818,Intern
DTAA/ITC0131,345,1735,569,975.1702635613224,0.0,9.0,Finance
DTAA/IVF0777,345,1825,599,1025.755464552976,0.0,7.472463768115942,Intern
DTAA/IVS0463,345,1684,552,946.5053163327186,0.0,8.0,Finance
DTAA/IWM0482,345,1681,551,944.8191429663302,35.0,8.0,Finance
DTAA/JAC0390,345,1900,623,1067.9097987126872,0.0,8.0,Finance
DTAA/JAD0531,380,2153,706,1210.1104192781136,38.0,7.860526315789474,Finance
DTAA/JAH0544,745,2040,669,1146.5978891441484,37.0,10.033557046979865,Admin
DTAA/JAM0392,639,1580,518,888.0513062979189,281.0,9.195618153364633,Intern
DTAA/JBA0373,650,2265,743,1273.0608916232825,0.0,8.281538461538462,Intern
DTAA/JBL0450,377,2275,746,1278.681469511244,32.0,8.46684350132626,Finance
DTAA/JBS0483,628,1921,630,1079.7130122774065,104.0,9.625796178343949,Admin
DTAA/JBS0654,345,1955,641,1098.8229770964756,0.0,8.0,Admin
DTAA/JCC0140,745,2351,771,1321.3978614597515,0.0,10.468456375838926,HR
DTAA/JCC0998,2490,893,293,501.917605394963,0.0,11.080321285140561,HR
DTAA/JCG0817,345,2541,834,1428.1888413310203,0.0,8.55072463768116,HR
DTAA/JCL0752,345,1927,632,1083.0853590101833,0.0,7.0,HR
DTAA/JCS0873,675,1991,653,1119.057057493137,143.0,8.582222222222223,HR
DTAA/JCT0410,629,2094,687,1176.9490097391406,36.0,8.980922098569158,Engineer
DTAA/JDM0083,345,1957,642,1099.947092674068,0.0,7.452173913043478,Engineer
DTAA/JDM0940,345,2169,712,1219.103343898852,0.0,8.0,Finance
DTAA/JDR0685,699,1916,629,1076.9027233334257,0.0,9.48211731044349,Intern
DTAA/JFA0081,345,1893,621,1063.9753941911142,0.0,7.0,Finance
DTAA/JGB0062,636,2277,747,1279.8055850888363,67.0,9.654088050314465,Engineer
DTAA/JGC0775,683,2484,815,1396.1515473696395,49.0,9.174231332357248,Intern
DTAA/JGS0274,345,2285,750,1284.3020473992055,0.0,7.0,Intern
DTAA/JHA0404,740,1680,551,944.257085177534,0.0,8.478378378378379,HR
DTAA/JHC0703,358,2728,895,1533.2936478359004,0.0,8.181564245810057,Engineer
DTAA/JHD0512,729,1923,631,1080.8371278549987,53.0,10.25925925925926,Finance
DTAA/JHM0408,629,1902,624,1069.0339142902797,38.0,9.259141494435612,Admin
DTAA/JHN0241,43,22,7,12.365271353515327,0.0,8.953488372093023,HR
DTAA/JIH0640,345,2041,670,1147.1599469329446,0.0,8.0,Admin
DTAA/JIP0187,345,2432,798,1366.9245423522398,0.0,7.475362318840579,Admin
DTAA/JJB0720,345,2179,715,1224.7239217868134,0.0,7.0,HR
DTAA/JJR0278,706,2161,709,1214.6068815884828,210.0,9.403682719546742,Admin
DTAA/JKW0464,345,2254,740,1266.8782559465249,0.0,8.0,Finance
DTAA/JLC0711,630,1922,631,1080.2750700662027,0.0,9.634920634920634,Intern
DTAA/JLC0744,394,1879,616,1056.1065851479682,134.0,8.055837563451776,Finance
DTAA/JLL0301,398,1982,650,1113.9985373939717,154.0,8.43718592964824,Admin
DTAA/JLL0930,345,1987,652,1116.8088263379525,0.0,8.472463768115942,HR
DTAA/JLM0053,612,978,321,549.6925174426359,327.0,10.004901960784315,Admin
DTAA/JLV0465,270,763,250,428.8500928514634,0.0,7.440740740740741,Intern
DTAA/JMA0875,345,1889,620,1061.7271630359296,0.0,8.0,HR
DTAA/JMC0233,631,1826,599,1026.317522341772,0.0,9.1743264659271,Finance
DTAA/JMM0759,713,1764,579,991.4699394364108,10.0,10.462833099579242,Admin
DTAA/JMP0200,345,2031,666,1141.539369044983,0.0,7.0,Intern
DTAA/JMR0906,345,1310,430,736.295703322958,0.0,7.0,Engineer
DTAA/JMR0955,345,1748,573,982.4770148156723,0.0,7.0,Admin
DTAA/JMS0793,345,1802,591,1012.8281354106645,345.0,7.0,HR
DTAA/JNF0543,678,1885,618,1059.478931880745,213.0,8.806784660766962,Finance
DTAA/JPP0841,345,2230,732,1253.3888690154172,0.0,7.556521739130435,Intern
DTAA/JQH0724,345,2617,859,1470.9052332795277,0.0,8.0,Intern
DTAA/JRM0902,24,17,5,9.55498240953457,0.0,7.5,HR
DTAA/JRP0458,345,1980,650,1112.8744218163795,0.0,7.0,Finance
DTAA/JSB0493,627,2022,663,1136.4808489458178,234.0,10.12280701754386,Finance
DTAA/JSE0020,701,1580,518,888.0513062979189,3.0,9.83166904422254,Intern
DTAA/JSH0326,630,1842,604,1035.3104469625105,0.0,9.56984126984127,Engineer
DTAA/JSH0598,345,1907,626,1071.8442032342602,0.0,7.0,Engineer
DTAA/JSW0180,639,1443,473,811.0493892328462,110.0,10.178403755868544,Finance
DTAA/JTT0989,2432,999,328,561.4957310073551,0.0,10.971217105263158,HR
DTAA/JWW0076,345,1564,513,879.0583816771805,0.0,8.0,HR
DTAA/JXC0393,696,2021,663,1135.9187911570216,0.0,10.175287356321839,Intern
DTAA/JXG0567,345,2224,730,1250.0165222826404,0.0,7.0,HR
DTAA/JZO0727,658,1546,507,868.9413414788497,246.0,9.671732522796352,Finance
DTAA/JZV0159,345,2240,735,1259.0094469033786,0.0,7.0,HR
DTAA/KAD0059,694,1888,619,1061.1651052471334,31.0,9.340057636887607,Finance
DTAA/KAG0880,723,1734,569,974.6082057725262,0.0,9.412171507607193,Intern
DTAA/KBB0983,345,2029,666,1140.4152534673908,40.0,8.0,Admin
DTAA/KBC0337,345,2209,725,1241.585655450698,0.0,7.0,Intern
DTAA/KBC0788,345,2434,799,1368.048657929832,0.0,8.0,Finance
DTAA/KBP0188,345,1483,486,833.5317007846922,0.0,7.0,Intern
DTAA/KCH0987,345,2076,681,1166.83196954081,0.0,7.0,HR
DTAA/KCN0107,345,2345,769,1318.0255147269745,0.0,8.0,Intern
DTAA/KDC0928,345,2253,739,1266.3161981577286,0.0,7.0,Finance
DTAA/KDL0806,748,1584,520,890.2995374531035,0.0,9.935828877005347,Intern
DTAA/KEE0997,2471,970,318,545.1960551322667,0.0,11.068393363010927,Engineer
DTAA/KEH0055,345,1843,605,1035.8725047513067,0.0,7.530434782608696,Engineer
DTAA/KES0043,345,1932,634,1085.8956479541641,0.0,8.0,Intern
DTAA/KFF0225,345,2932,962,1647.9534367503154,0.0,7.481159420289855,HR
DTAA/KGC0456,345,1425,467,800.9323490345155,0.0,7.0,Admin
DTAA/KGS0398,692,2243,736,1260.6956202697672,70.0,10.281791907514451,Admin
DTAA/KIM0617,345,1978,649,1111.750306238787,0.0,7.460869565217391,Finance
DTAA/KIN0073,458,1554,510,873.437803789219,0.0,8.017467248908297,Admin
DTAA/KJG0378,460,1213,398,681.7760978097314,0.0,7.956521739130435,HR
DTAA/KJM0614,605,2409,790,1353.9972132099283,0.0,9.532231404958678,Intern
DTAA/KKC0575,345,1891,620,1062.851278613522,0.0,8.0,Intern
DTAA/KKT0039,734,1919,630,1078.588896699814,0.0,9.971389645776567,Engineer
DTAA/KKW0676,626,2154,707,1210.6724770669098,308.0,10.00958466453674,Engineer
DTAA/KKW0945,636,1926,632,1082.5233012213873,74.0,9.257861635220126,Finance
DTAA/KLS0717,684,1990,653,1118.494999704341,71.0,9.480994152046783,Finance
DTAA/KMC0840,345,1652,542,928.5194670912418,0.0,7.0,Engineer
DTAA/KMG0002,345,2530,830,1422.0062056542624,0.0,8.0,Engineer
DTAA/KMW0755,345,2478,813,1392.7792006368627,0.0,9.0,Engineer
DTAA/KNC0403,345,2110,692,1185.941934359879,0.0,7.530434782608696,Engineer
DTAA/KNH0719,345,1954,641,1098.2609193076794,0.0,7.515942028985507,Admin
DTAA/KNJ0633,345,1596,524,897.0442309186574,0.0,8.498550724637681,Intern
DTAA/KPB0665,185,474,155,266.41539188937566,0.0,7.47027027027027,Admin
DTAA/KPC0158,345,2163,710,1215.730997166075,0.0,6.0,Intern
DTAA/KPS0299,345,1585,520,890.8615952418996,0.0,7.492753623188406,Admin
DTAA/KRC0021,746,1708,560,959.9947032638263,0.0,8.851206434316353,HR
DTAA/KRC0455,737,1872,614,1052.172180626395,0.0,9.887381275440976,Engineer
DTAA/KRD0507,606,1606,527,902.6648088066188,0.0,9.031353135313532,Admin
DTAA/KSB0673,623,2084,684,1171.3284318511792,274.0,9.194221508828251,Engineer
DTAA/KSO0749,345,1699,557,954.9361831646609,0.0,7.510144927536232,HR
DTAA/KSP0927,403,1786,586,1003.835210789926,15.0,8.570719602977668,Intern
DTAA/KSW0597,345,2262,742,1271.374718256894,65.0,7.501449275362319,Intern
DTAA/KTC0285,345,2070,679,1163.459622808033,0.0,7.498550724637681,Admin
DTAA/KTM0960,345,1894,621,1064.5374519799104,0.0,7.48695652173913,Engineer
DTAA/KUC0848,345,1851,607,1040.368967061676,0.0,8.46376811594203,Engineer
DTAA/KVH0355,609,1736,570,975.7323213501185,0.0,10.075533661740558,Engineer
DTAA/KYH0920,345,1529,502,859.3863590693152,0.0,8.0,Intern
DTAA/LAH0397,345,2022,663,1136.4808489458178,0.0,8.484057971014492,HR
DTAA/LAH0710,345,2078,682,1167.9560851184021,0.0,7.469565217391304,Engineer
DTAA/LAL0170,345,1518,498,853.2037233925575,0.0,7.0,Admin
DTAA/LAM0952,345,1730,568,972.3599746173415,0.0,8.504347826086956,Engineer
DTAA/LAT0452,345,2676,878,1504.0666428185007,0.0,7.0,Engineer
DTAA/LAW0437,345,1724,566,968.9876278845646,0.0,7.0,HR
DTAA/LBB0095,747,2252,739,1265.7541403689324,104.0,10.661311914323962,HR
DTAA/LBC0422,345,1699,557,954.9361831646609,0.0,7.0,HR
DTAA/LBD0946,345,1998,656,1122.9914620147101,0.0,7.0,Engineer
DTAA/LCC0556,345,2104,690,1182.5695876271022,0.0,7.515942028985507,Admin
DTAA/LCG0011,345,2208,724,1241.023597661902,0.0,9.0,Engineer
DTAA/LCG0546,628,1587,521,891.9857108194919,175.0,9.621019108280255,Engineer
DTAA/LCK0551,345,2355,773,1323.6460926149362,0.0,9.0,Finance
DTAA/LCK0666,681,2691,883,1512.497509650443,272.0,9.881057268722467,Admin
DTAA/LCL0792,345,1460,479,820.6043716423808,0.0,6.0,HR
DTAA/LCP0359,345,2394,786,1345.566346377986,0.0,8.0,Admin
DTAA/LDB0961,676,2331,765,1310.1567056838285,0.0,9.859467455621301,Admin
DTAA/LDG0406,642,1704,559,957.7464721086417,0.0,10.04361370716511,Finance
DTAA/LDM0318,260,581,190,326.55557529056387,0.0,7.0,Engineer
DTAA/LEH0561,345,1884,618,1058.9168740919488,0.0,8.0,Finance
DTAA/LGA0042,345,1215,398,682.9002133873237,0.0,8.0,Finance
DTAA/LGV0288,345,1692,555,951.0017786430878,0.0,7.457971014492753,Engineer
DTAA/LIB0089,345,1621,532,911.0956756385611,0.0,7.0,HR
DTAA/LID0942,670,1680,551,944.257085177534,136.0,9.753731343283581,Engineer
DTAA/LJB0492,345,1730,568,972.3599746173415,0.0,8.0,Engineer
DTAA/LJR0772,410,2204,723,1238.7753665067173,101.0,7.636585365853659,Admin
DTAA/LJU0036,345,1946,638,1093.7644569973102,0.0,8.0,Intern
DTAA/LKY0181,202,202,66,113.53567333682254,5.0,10.51980198019802,Intern
DTAA/LLB0843,609,1195,392,671.6590576114007,0.0,9.507389162561577,Engineer
DTAA/LLK0316,345,1650,541,927.3953515136495,0.0,8.0,Admin
DTAA/LMH0690,345,2585,848,1452.9193840380508,0.0,7.518840579710145,Engineer
DTAA/LMJ0323,107,215,70,120.8424245911725,0.0,7.0,HR
DTAA/LND0767,345,2017,662,1133.670560001837,0.0,7.0,Finance
DTAA/LNM0509,345,1782,585,1001.5869796347414,0.0,8.0,Admin
DTAA/LPB0141,345,1784,585,1002.7110952123337,0.0,8.0,Admin
DTAA/LPG0099,691,1433,470,805.4288113448847,247.0,10.117221418234443,Engineer
DTAA/LQA0232,611,2094,687,1176.9490097391406,0.0,10.068739770867431,Finance
DTAA/LRH0747,737,1884,618,1058.9168740919488,169.0,9.835820895522389,Intern
DTAA/LRS0325,345,1766,579,992.5940550140031,0.0,8.0,HR
DTAA/LSV0944,345,1487,488,835.7799319398769,0.0,6.0,Finance
DTAA/LTB0150,345,2414,792,1356.807502153909,0.0,9.0,Intern
DTAA/LTM0418,725,1902,624,1069.0339142902797,236.0,9.871724137931034,Finance
DTAA/LVC0027,345,2582,847,1451.2332106716624,0.0,7.530434782608696,Finance
DTAA/LYC0672,345,1767,580,993.1561128027992,0.0,8.0,Finance
DTAA/MAB0532,397,1663,546,934.7021027679995,71.0,8.047858942065492,Admin
DTAA/MAG0290,370,1741,571,978.5426102940993,139.0,8.221621621621622,Engineer
DTAA/MAH0712,345,2131,699,1197.7451479245983,0.0,8.513043478260869,Intern
DTAA/MAM0947,345,2287,750,1285.4261629767977,0.0,7.498550724637681,Engineer
DTAA/MBD0602,345,1637,537,920.0886002592995,0.0,8.489855072463769,Engineer
DTAA/MBR0166,641,1669,548,938.0744495007764,0.0,10.195007800312013,Admin
DTAA/MBZ0932,345,2138,702,1201.6795524461713,0.0,6.0,HR
DTAA/MCC0851,345,1584,520,890.2995374531035,0.0,9.0,Intern
DTAA/MCF0427,376,1979,649,1112.3123640275833,23.0,8.425531914893616,HR
DTAA/MCF0985,614,1690,554,949.8776630654955,0.0,10.04885993485342,Engineer
DTAA/MCH0530,743,1615,530,907.7233289057842,6.0,8.724091520861373,Admin
DTAA/MCM0090,345,1504,493,845.3349143494114,0.0,7.452173913043478,Engineer
DTAA/MCM0346,694,2137,701,1201.1174946573751,246.0,9.619596541786743,Engineer
DTAA/MCR0314,345,1885,618,1059.478931880745,0.0,6.0,Engineer
DTAA/MCR0375,656,1902,624,1069.0339142902797,0.0,9.382621951219512,Engineer
DTAA/MDC0595,345,1655,543,930.2056404576302,0.0,7.507246376811594,Finance
DTAA/MDS0742,345,2159,708,1213.4827660108904,0.0,7.504347826086956,Engineer
DTAA/MDT0356,694,1899,623,1067.347740923891,0.0,9.906340057636887,Finance
DTAA/MED0748,345,2097,688,1178.635183105529,0.0,7.0,Finance
DTAA/MEV0886,661,1965,645,1104.443554984437,5.0,9.122541603630863,Intern
DTAA/MFN0656,345,1901,624,1068.4718565014834,0.0,7.0,Intern
DTAA/MGB0728,345,1976,648,1110.6261906611949,0.0,7.0,Intern
DTAA/MGF0743,345,1890,620,1062.2892208247258,0.0,6.0,Finance
DTAA/MGY0732,482,464,152,260.7948140014142,0.0,10.321576763485478,Finance
DTAA/MHM0988,345,1647,540,925.709178147261,0.0,7.0,Engineer
DTAA/MIC0914,776,1948,639,1094.8885725749026,258.0,10.527061855670103,Engineer
DTAA/MIH0429,345,2589,850,1455.1676151932354,0.0,8.0,Admin
DTAA/MIK0034,677,1207,396,678.4037510769544,276.0,9.172821270310193,Intern
DTAA/MJF0892,716,1791,588,1006.6454997339068,0.0,9.819832402234637,Admin
DTAA/MJK0212,345,1537,504,863.8828213796844,0.0,7.510144927536232,Admin
DTAA/MJM0228,352,1804,592,1013.9522509882568,138.0,8.619318181818182,Admin
DTAA/MJM0469,627,1928,633,1083.6474167989795,345.0,9.263157894736842,Finance
DTAA/MJP0603,345,1907,626,1071.8442032342602,0.0,7.507246376811594,Finance
DTAA/MKG0273,345,1736,570,975.7323213501185,0.0,7.504347826086956,Engineer
DTAA/MKN0234,345,1715,563,963.9291077853993,0.0,8.0,Admin
DTAA/MLC0238,345,1812,594,1018.448713298626,0.0,7.527536231884058,Intern
DTAA/MMF0289,724,1897,622,1066.2236253462988,345.0,9.988950276243093,Admin
DTAA/MMH0581,638,2160,709,1214.0448237996866,0.0,9.214733542319749,HR
DTAA/MMH0612,621,1837,603,1032.5001580185299,275.0,10.114331723027375,Finance
DTAA/MNB0956,374,1590,522,893.6718841858805,0.0,7.842245989304812,Admin
DTAA/MND0048,62,18,5,10.117040198330722,0.0,8.612903225806452,Engineer
DTAA/MND0675,345,1986,652,1116.2467685491563,0.0,7.0,Engineer
DTAA/MOA0526,345,2046,671,1149.9702358769255,0.0,8.0,Finance
DTAA/MPA0136,345,1862,611,1046.5516027384335,0.0,7.478260869565218,Admin
DTAA/MQL0135,669,1468,482,825.10083395275,356.0,9.417040358744394,Intern
DTAA/MRL0518,32,20,6,11.241155775923025,0.0,7.3125,Admin
DTAA/MRM0205,345,1224,401,687.9587334864891,0.0,7.460869565217391,Finance
DTAA/MRS0395,345,1281,420,719.9960274478697,0.0,8.0,Admin
DTAA/MSH0322,345,1755,576,986.4114193372453,0.0,7.0,Engineer
DTAA/MSK0862,345,1637,537,920.0886002592995,0.0,7.48695652173913,Finance
DTAA/MSM0226,641,1610,528,904.9130399618034,0.0,9.987519500780031,HR
DTAA/MSP0078,345,2020,663,1135.3567333682254,0.0,8.0,Finance
DTAA/MST0883,166,451,148,253.4880627470642,0.0,7.0,Intern
DTAA/MSV0506,671,2194,720,1233.1547886187557,0.0,9.472429210134129,Admin
DTAA/MTC0538,345,2106,691,1183.6937032046944,0.0,7.0,Engineer
DTAA/MTM0239,345,2383,782,1339.3837107012282,0.0,8.0,Admin
DTAA/MTS0084,345,2009,659,1129.1740976914678,0.0,8.0,Intern
DTAA/MVL0885,345,1864,612,1047.675718316026,0.0,7.0,Finance
DTAA/MVP0572,635,1429,469,803.1805801897001,0.0,9.587401574803149,Admin
DTAA/MVW0630,703,2026,665,1138.7290801010024,345.0,9.408250355618776,Finance
DTAA/MWH0853,345,1806,593,1015.0763665658491,0.0,6.0,Engineer
DTAA/MWJ0837,345,1591,522,894.2339419746766,0.0,7.0,Admin
DTAA/MXM0271,745,1645,540,924.5850625696687,0.0,9.948993288590604,Finance
DTAA/MXM0838,626,1647,540,925.709178147261,242.0,9.108626198083067,Engineer
DTAA/MZB0206,345,1575,517,885.2410173539381,0.0,7.521739130434782,Admin
DTAA/MZW0111,413,1135,372,637.9355902836317,141.0,7.605326876513317,Intern
DTAA/NAC0161,708,1766,579,992.5940550140031,0.0,9.290960451977401,Finance
DTAA/NAT0252,265,831,272,467.0700224896016,0.0,9.0,Intern
DTAA/NAW0939,345,1725,566,969.5496856733608,0.0,7.466666666666667,Engineer
DTAA/NBB0501,345,1355,444,761.5883038187849,0.0,7.0,Engineer
DTAA/NBT0479,624,1832,601,1029.689869074549,0.0,9.243589743589743,Engineer
DTAA/NCW0246,628,1478,485,830.7214118407114,0.0,9.603503184713375,Intern
DTAA/NDH0524,345,1610,528,904.9130399618034,0.0,7.0,Admin
DTAA/NDH0807,243,192,63,107.91509544886102,0.0,10.251028806584362,Admin
DTAA/NDM0893,676,1630,535,916.1541957377265,18.0,9.368343195266272,Admin
DTAA/NDS0490,439,2000,656,1124.1155775923023,136.0,9.353075170842825,HR
DTAA/NEP0644,345,1838,603,1033.0622158073259,0.0,7.547826086956522,HR
DTAA/NET0306,345,1854,608,1042.0551404280643,0.0,7.51304347826087,Finance
DTAA/NFD0706,719,1899,623,1067.347740923891,0.0,9.937413073713492,Intern
DTAA/NGC0624,674,2067,678,1161.7734494416445,0.0,10.919881305637983,Admin
DTAA/NHH0566,654,2015,661,1132.5464444242448,0.0,8.521406727828746,Intern
DTAA/NHL0253,748,1271,417,714.3754495599081,23.0,10.262032085561497,Intern
DTAA/NHL0521,671,1781,584,1001.0249218459453,71.0,9.684053651266765,Finance
DTAA/NIC0901,345,1925,632,1081.9612434325911,0.0,7.56231884057971,HR
DTAA/NJC0459,345,1549,508,870.6275148452382,0.0,9.0,Intern
DTAA/NJD0267,345,1598,524,898.1683464962496,0.0,6.0,HR
DTAA/NJH0593,345,1767,580,993.1561128027992,0.0,8.0,Finance
DTAA/NJM0476,345,2196,721,1234.278904196348,0.0,7.0,Intern
DTAA/NJS0448,609,2004,658,1126.363808747487,0.0,10.528735632183908,HR
DTAA/NJW0094,345,1919,630,1078.588896699814,0.0,8.0,Engineer
DTAA/NKM0018,611,1683,552,945.9432585439225,0.0,8.518821603927988,Admin
DTAA/NLD0701,345,1545,507,868.3792836900536,0.0,6.0,Engineer
DTAA/NMC0251,362,1795,589,1008.8937308890914,0.0,7.207182320441989,Intern
DTAA/NMR0621,628,1857,609,1043.7413137944527,0.0,9.60828025477707,Intern
DTAA/NNB0443,624,1236,405,694.7034269520428,345.0,9.262820512820513,Intern
DTAA/NNS0898,345,1595,523,896.4821731298612,0.0,7.492753623188406,Finance
DTAA/NQC0925,345,1606,527,902.6648088066188,0.0,6.0,Admin
DTAA/NRH0276,345,1318,432,740.7921656333273,0.0,8.0,Intern
DTAA/NRM0093,367,1733,569,974.0461479837301,0.0,6.604904632152588,HR
DTAA/NRS0477,345,2428,797,1364.6763111970552,0.0,6.0,HR
DTAA/NSC0842,675,1643,539,923.4609469920764,100.0,9.708148148148148,Finance
DTAA/NSD0763,345,1584,520,890.2995374531035,0.0,8.0,Intern
DTAA/NSP0910,431,1401,460,787.4429621034078,310.0,8.670533642691415,Admin
DTAA/NTO0396,345,1554,510,873.437803789219,0.0,7.0,HR
DTAA/NWC0765,345,2153,706,1210.1104192781136,0.0,7.478260869565218,Finance
DTAA/NWG0682,345,1701,558,956.0602987422532,0.0,7.0,HR
DTAA/NWT0708,238,520,170,292.27005017399864,0.0,7.0,HR
DTAA/NZD0771,345,1945,638,1093.2023992085142,0.0,8.0,Intern
DTAA/OAR0291,625,1637,537,920.0886002592995,0.0,8.2032,Finance
DTAA/OBD0786,630,1646,540,925.1471203584649,0.0,10.158730158730158,Engineer
DTAA/OBF0564,345,2001,657,1124.6776353810985,0.0,7.0,Intern
DTAA/ODW0839,365,2345,769,1318.0255147269745,134.0,8.802739726027397,Engineer
DTAA/OES0636,345,1928,633,1083.6474167989795,0.0,8.0,Finance
DTAA/OHA0451,345,1760,577,989.2217082812261,0.0,7.0,Engineer
DTAA/OHW0215,345,2429,797,1365.2383689858514,0.0,8.0,Engineer
DTAA/OIR0424,345,1854,608,1042.0551404280643,0.0,8.0,HR
DTAA/OJG0866,345,2411,791,1355.1213287875205,0.0,7.0,HR
DTAA/OJH0425,681,1975,648,1110.0641328723987,274.0,9.400881057268723,Engineer
DTAA/OKG0160,639,1640,538,921.774773625688,0.0,8.67605633802817,HR
DTAA/OLR0984,146,334,109,187.7273014579145,0.0,6.0,Finance
DTAA/ONB0177,617,1439,472,808.8011580776616,0.0,8.988654781199351,Finance
DTAA/ONQ0625,345,1548,508,870.065457056442,0.0,9.0,Engineer
DTAA/ORW0580,345,1761,578,989.7837660700222,0.0,8.469565217391304,Finance
DTAA/OSH0281,345,1469,482,825.6628917415461,0.0,7.0,Intern
DTAA/OSS0859,619,1709,561,960.5567610526224,0.0,8.9983844911147,HR
DTAA/OTS0256,345,1738,570,976.8564369277108,0.0,6.0,Admin
DTAA/OUS0565,358,412,135,231.5678089840143,0.0,9.083798882681565,Engineer
DTAA/OXC0609,345,1460,479,820.6043716423808,0.0,7.0,Engineer
DTAA/OYR0801,682,2388,784,1342.193999645209,339.0,9.917888563049853,Finance
DTAA/OZD0789,345,1636,537,919.5265424705034,0.0,7.0,Admin
DTAA/OZM0468,345,1754,575,985.8493615484492,0.0,8.0,Intern
DTAA/PAC0722,345,1977,649,1111.1882484499909,0.0,8.0,Engineer
DTAA/PAG0557,345,2145,704,1205.6139569677443,0.0,8.0,Engineer
DTAA/PBH0441,131,282,92,158.50029644051463,0.0,8.0,Engineer
DTAA/PCM0846,717,2068,679,1162.3355072304407,15.0,10.059972105997211,Admin
DTAA/PCO0684,345,1527,501,858.2622434917229,0.0,8.489855072463769,Admin
DTAA/PCS0097,345,1763,578,990.9078816476145,0.0,8.0,Engineer
DTAA/PDB0413,44,45,14,25.292600495826804,0.0,8.0,Engineer
DTAA/PDS0896,345,1763,578,990.9078816476145,0.0,7.521739130434782,Engineer
DTAA/PFF0657,345,1897,622,1066.2236253462988,0.0,8.0,Finance
DTAA/PID0096,631,1229,403,690.7690224304698,0.0,9.049128367670365,HR
DTAA/PIG0194,345,1745,572,980.7908414492839,0.0,7.492753623188406,Admin
DTAA/PIP0746,651,2056,675,1155.590813764887,274.0,10.276497695852534,Intern
DTAA/PJL0320,692,2149,705,1207.862188122929,0.0,9.329479768786127,Intern
DTAA/PJS0809,457,1548,508,870.065457056442,0.0,9.99781181619256,Intern
DTAA/PKH0542,549,1078,353,605.898296322251,0.0,10.025500910746812,Engineer
DTAA/PKM0092,652,2119,695,1191.0004544590445,0.0,10.065950920245399,Engineer
DTAA/PKM0411,345,2058,675,1156.714929342479,0.0,7.0,Engineer
DTAA/PMB0702,674,1938,636,1089.267994686941,49.0,10.467359050445104,Admin
DTAA/PMG0890,345,1962,644,1102.7573816180486,0.0,8.0,Finance
DTAA/PML0209,345,1707,560,959.4326454750301,0.0,9.0,Engineer
DTAA/PRB0157,345,1527,501,858.2622434917229,0.0,8.0,Engineer
DTAA/PRB0568,345,1493,490,839.1522786726538,0.0,7.0,Intern
DTAA/PRH0825,345,1615,530,907.7233289057842,0.0,7.0,Admin
DTAA/PRR0982,345,1639,538,921.2127158368918,0.0,7.0,Admin
DTAA/PSP0555,744,1645,540,924.5850625696687,142.0,9.567204301075268,Intern
DTAA/PTH0957,345,2167,711,1217.9792283212596,0.0,8.0,Engineer
DTAA/PUH0847,396,1594,523,895.9201153410651,138.0,7.340909090909091,Finance
DTAA/PVH0124,345,1673,549,940.322680655961,0.0,7.0,Admin
DTAA/PVW0713,345,1934,635,1087.0197635317563,0.0,7.0,Intern
DTAA/PXB0069,620,1839,603,1033.624273596122,310.0,10.135483870967741,Admin
DTAA/QAM0113,345,1709,561,960.5567610526224,0.0,7.0,Admin
DTAA/QCD0829,618,1741,571,978.5426102940993,0.0,9.085760517799352,Finance
DTAA/QGF0292,719,1741,571,978.5426102940993,0.0,9.969401947148818,HR
DTAA/QGM0222,345,1489,488,836.9040475174692,0.0,7.466666666666667,Intern
DTAA/QKR0651,415,2065,678,1160.6493338640523,243.0,8.906024096385542,HR
DTAA/QLC0632,345,1232,404,692.4551957968583,0.0,7.510144927536232,Finance
DTAA/QLW0941,719,1353,444,760.4641882411926,0.0,10.337969401947149,Finance
DTAA/QNC0832,733,1724,566,968.9876278845646,0.0,9.586630286493861,Finance
DTAA/QNK0574,345,2136,701,1200.555436868579,0.0,8.0,Finance
DTAA/QOH0361,601,1579,518,887.4892485091227,0.0,10.088186356073212,Engineer
DTAA/QVM0338,345,1724,566,968.9876278845646,0.0,8.0,Intern
DTAA/QZD0164,625,1721,565,967.3014545181762,0.0,10.1296,Intern
DTAA/RAA0594,345,1623,532,912.2197912161535,0.0,8.498550724637681,Intern
DTAA/RAC0282,639,1559,511,876.2480927331998,0.0,10.29264475743349,Admin
DTAA/RAH0968,418,1648,541,926.2712359360572,35.0,8.614832535885167,Intern
DTAA/RAY0882,621,1363,447,766.0847661291541,0.0,10.977455716586151,Intern
DTAA/RBB0229,345,2303,756,1294.4190875975362,0.0,7.0,Finance
DTAA/RBC0583,718,1324,434,744.1645123661042,3.0,11.412256267409472,Engineer
DTAA/RBC0879,681,1908,626,1072.4062610230565,324.0,9.945668135095447,Finance
DTAA/RBY0065,419,1850,607,1039.8069092728797,0.0,7.720763723150358,Intern
DTAA/RCF0540,345,1389,456,780.698268637854,0.0,7.0,HR
DTAA/RCR0864,345,1549,508,870.6275148452382,0.0,7.0,Admin
DTAA/RCW0436,345,1479,485,831.2834696295076,101.0,7.489855072463768,Admin
DTAA/RDG0335,345,1489,488,836.9040475174692,0.0,8.0,HR
DTAA/RDG0350,345,2139,702,1202.2416102349673,0.0,7.0,HR
DTAA/RDH0117,345,1963,644,1103.3194394068448,0.0,7.0,HR
DTAA/RDP0855,345,1287,422,723.3683741806466,0.0,7.0,HR
DTAA/RDT0659,618,1544,506,867.8172259012574,0.0,10.537216828478964,Engineer
DTAA/REK0484,339,1669,548,938.0744495007764,0.0,8.480825958702065,Admin
DTAA/RER0237,616,1710,561,961.1188188414186,0.0,8.980519480519481,Engineer
DTAA/RES0962,397,1308,429,735.1715877453657,207.0,6.9395465994962215,Finance
DTAA/RHP0688,590,1279,419,718.8719118702774,236.0,9.94406779661017,Intern
DTAA/RIG0024,136,294,96,165.24498990606844,0.0,7.551470588235294,Intern
DTAA/RIM0938,345,2075,681,1166.2699117520137,0.0,8.0,Admin
DTAA/RJP0286,345,1993,654,1120.1811730707293,0.0,7.0,Intern
DTAA/RJP0345,626,1709,561,960.5567610526224,0.0,9.619808306709265,Finance
DTAA/RJP0874,345,1624,533,912.7818490049495,0.0,8.0,Admin
DTAA/RJW0590,345,1803,592,1013.3901931994607,0.0,7.536231884057971,Admin
DTAA/RKC0190,345,1650,541,927.3953515136495,0.0,7.0,Admin
DTAA/RKC0733,345,1911,627,1074.0924343894449,0.0,7.472463768115942,Admin
DTAA/RKD0255,345,1850,607,1039.8069092728797,0.0,7.0,Admin
DTAA/RLC0019,345,1789,587,1005.5213841563145,0.0,7.524637681159421,Engineer
DTAA/RLC0442,389,1777,583,998.7766906907607,36.0,7.586118251928021,HR
DTAA/RLE0844,345,1715,563,963.9291077853993,0.0,7.0,HR
DTAA/RLS0935,345,1894,621,1064.5374519799104,0.0,7.0,Admin
DTAA/RLS0966,345,1717,563,965.0532233629916,0.0,8.0,Engineer
DTAA/RLW0861,345,2025,664,1138.1670223122062,0.0,7.466666666666667,Engineer
DTAA/RME0699,698,1693,555,951.5638364318839,274.0,9.912607449856733,Engineer
DTAA/ROC0257,345,1705,559,958.3085298974378,0.0,7.0,Intern
DTAA/ROM0419,345,1190,390,668.8487686674199,0.0,7.0,Intern
DTAA/RQH0770,646,1729,567,971.7979168285455,66.0,9.269349845201239,Admin
DTAA/RRF0245,345,1757,576,987.5355349148376,0.0,8.527536231884058,Engineer
DTAA/RRL0780,611,1675,549,941.4467962335533,0.0,9.545008183306056,Intern
DTAA/RSG0385,345,1606,527,902.6648088066188,0.0,8.0,HR
DTAA/RSJ0328,345,1656,543,930.7676982464264,0.0,7.524637681159421,Intern
DTAA/RTH0376,44,41,13,23.0443693406422,0.0,8.0,Intern
DTAA/RVM0826,345,1787,586,1004.3972685787222,0.0,7.0,Engineer
DTAA/RVS0852,746,1742,571,979.1046680828954,211.0,9.943699731903486,Admin
DTAA/RWD0210,345,1853,608,1041.493082639268,0.0,6.478260869565218,Finance
DTAA/RXE0207,644,1715,563,963.9291077853993,63.0,9.652173913043478,Admin
DTAA/RXM0204,570,681,223,382.76135417017895,0.0,10.601754385964913,Admin
DTAA/RZW0369,616,2054,674,1154.4666981872945,0.0,9.2012987012987,Admin
DTAA/SAE0683,88,186,61,104.54274871608412,0.0,7.0,Intern
DTAA/SAH0192,674,1526,501,857.7001857029268,225.0,10.446587537091988,Admin
DTAA/SAM0954,456,1252,411,703.6963515727813,0.0,8.798245614035087,Admin
DTAA/SAO0167,345,1700,558,955.4982409534571,0.0,8.0,Finance
DTAA/SAP0304,657,1707,560,959.4326454750301,7.0,9.735159817351597,Admin
DTAA/SAS0433,345,1228,403,690.2069646416737,0.0,8.0,Finance
DTAA/SAS0601,345,2017,662,1133.670560001837,0.0,7.539130434782609,Engineer
DTAA/SBB0044,345,1835,602,1031.3760424409375,0.0,9.0,Engineer
DTAA/SBC0360,345,1550,508,871.1895726340343,0.0,8.0,Engineer
DTAA/SBH0674,678,1315,431,739.1059922669389,0.0,8.662241887905605,HR
DTAA/SBK0108,345,1449,475,814.421735965623,0.0,8.0,Engineer
DTAA/SBM0217,345,1823,598,1024.6313489753836,0.0,7.0,Engineer
DTAA/SCB0529,345,1938,636,1089.267994686941,0.0,7.0,Finance
DTAA/SCJ0498,624,1593,523,895.3580575522689,0.0,9.248397435897436,HR
DTAA/SCK0576,345,1389,456,780.698268637854,0.0,7.527536231884058,Intern
DTAA/SCW0707,720,1334,438,749.7850902540657,271.0,9.86111111111111,Engineer
DTAA/SDC0032,698,1673,549,940.322680655961,207.0,9.87106017191977,Intern
DTAA/SDL0679,345,1800,591,1011.7040198330722,0.0,8.489855072463769,Admin
DTAA/SDM0333,345,1583,519,889.7374796643073,0.0,8.0,HR
DTAA/SDR0010,345,1626,533,913.9059645825419,0.0,7.51304347826087,Engineer
DTAA/SEF0446,485,529,173,297.32857027316396,132.0,9.115463917525773,Intern
DTAA/SER0835,345,1716,563,964.4911655741955,0.0,8.0,Engineer
DTAA/SES0660,19,5,1,2.810288943980756,0.0,8.0,Admin
DTAA/SFS0308,345,2033,667,1142.6634846225754,0.0,8.0,HR
DTAA/SGC0118,345,1422,466,799.246175668127,0.0,8.0,Admin
DTAA/SGG0584,618,2061,676,1158.4011027088677,0.0,11.001618122977346,Admin
DTAA/SGS0352,345,1804,592,1013.9522509882568,0.0,6.492753623188406,HR
DTAA/SHR0025,740,1528,501,858.8243012805191,184.0,9.808108108108108,HR
DTAA/SHS0608,345,1212,397,681.2140400209353,0.0,7.0,Engineer
DTAA/SHT0953,345,1828,600,1027.4416379193644,0.0,7.0,Engineer
DTAA/SIP0805,345,1523,500,856.0140123365383,0.0,8.504347826086956,Intern
DTAA/SIR0586,345,1403,460,788.5670776810001,0.0,7.48695652173913,HR
DTAA/SJA0691,644,1222,401,686.8346179088968,137.0,9.267080745341614,HR
DTAA/SJB0751,345,1791,588,1006.6454997339068,0.0,7.0,Admin
DTAA/SJC0487,445,1646,540,925.1471203584649,0.0,8.119101123595506,Engineer
DTAA/SJC0735,345,1729,567,971.7979168285455,0.0,7.0,Intern
DTAA/SJH0588,699,2185,717,1228.0962685195905,321.0,10.158798283261802,Intern
DTAA/SJH0907,345,1538,505,864.4448791684805,0.0,6.0,Intern
DTAA/SKB0263,345,1595,523,896.4821731298612,0.0,8.0,HR
DTAA/SKH0467,642,1188,390,667.7246530898276,66.0,9.313084112149532,Engineer
DTAA/SKL0881,629,2195,720,1233.7168464075519,0.0,11.02066772655008,Engineer
DTAA/SKP0270,345,1780,584,1000.4628640571491,0.0,7.0,Admin
DTAA/SKW0871,627,1617,530,908.8474444833765,278.0,9.237639553429027,Finance
DTAA/SLC0778,619,1626,533,913.9059645825419,345.0,9.111470113085621,Intern
DTAA/SLG0008,345,1809,593,1016.7625399322375,0.0,7.501449275362319,Finance
DTAA/SLM0589,345,1637,537,920.0886002592995,0.0,7.492753623188406,HR
DTAA/SLM0781,628,1906,625,1071.2821454454643,0.0,9.020700636942674,Finance
DTAA/SMC0139,455,1569,515,881.8686706211612,0.0,8.553846153846154,HR
DTAA/SMD0773,345,1421,466,798.6841178793309,0.0,7.0,HR
DTAA/SML0086,604,1418,465,796.9979445129424,0.0,9.170529801324504,Engineer
DTAA/SML0486,612,1741,571,978.5426102940993,0.0,9.955882352941176,HR
DTAA/SMW0913,345,1472,483,827.3490651079346,0.0,8.0,Admin
DTAA/SND0611,345,2025,664,1138.1670223122062,0.0,7.530434782608696,Intern
DTAA/SOG0461,345,1695,556,952.6879520094762,0.0,7.553623188405797,Intern
DTAA/SOM0478,432,1070,351,601.4018340118818,104.0,8.555555555555555,HR
DTAA/SPK0818,641,1462,480,821.7284872199731,274.0,9.622464898595943,Admin
DTAA/SRN0275,703,2221,729,1248.3303489162518,7.0,9.72972972972973,Intern
DTAA/SSB0151,345,1571,515,882.9927861987535,0.0,8.0,Finance
DTAA/SSC0047,627,1770,581,994.8422861691877,0.0,10.671451355661882,Finance
DTAA/SSC0387,345,1766,579,992.5940550140031,0.0,8.510144927536231,Intern
DTAA/SSH0085,345,1904,625,1070.1580298678718,0.0,7.0,Admin
DTAA/SSH0144,716,1310,430,736.295703322958,0.0,9.782122905027933,HR
DTAA/SSV0560,103,200,65,112.41155775923023,0.0,7.504854368932039,Finance
DTAA/SSW0815,345,1319,433,741.3542234221235,0.0,7.0,Intern
DTAA/STC0066,345,1711,561,961.6808766302147,0.0,6.530434782608696,Finance
DTAA/STF0145,682,1923,631,1080.8371278549987,140.0,10.241935483870968,Admin
DTAA/SVC0175,345,1685,553,947.0673741215148,0.0,7.0,Admin
DTAA/SVM0756,345,1602,526,900.4165776514342,0.0,8.0,Intern
DTAA/SWM0768,345,1903,624,1069.5959720790756,0.0,7.0,Intern
DTAA/SXH0895,367,977,320,549.1304596538397,0.0,6.1880108991825615,Finance
DTAA/TAO0639,369,1613,529,906.5992133281919,134.0,9.303523035230352,HR
DTAA/TCH0230,345,1257,412,706.5066405167621,0.0,9.0,Admin
DTAA/TCR0218,280,592,194,332.7382109673215,0.0,7.514285714285714,Engineer
DTAA/TDW0348,345,1469,482,825.6628917415461,0.0,8.478260869565217,Admin
DTAA/TEG0502,345,1652,542,928.5194670912418,0.0,7.48695652173913,Admin
DTAA/TER0923,345,1403,460,788.5670776810001,0.0,8.484057971014492,Engineer
DTAA/TFS0216,345,1242,407,698.0757736848198,0.0,6.452173913043478,HR
DTAA/TGC0670,710,1464,480,822.8526027975654,0.0,9.497183098591549,Intern
DTAA/THB0783,345,1615,530,907.7233289057842,0.0,8.52463768115942,Intern
DTAA/THL0671,359,1207,396,678.4037510769544,0.0,8.587743732590528,HR
DTAA/THS0006,345,1246,409,700.3240048400044,0.0,8.498550724637681,HR
DTAA/TIW0195,345,1374,451,772.2674018059117,0.0,8.0,Intern
DTAA/TJP0714,652,1212,397,681.2140400209353,0.0,10.023006134969325,Intern
DTAA/TKG0523,345,1950,640,1096.0126881524948,0.0,7.515942028985507,Finance
DTAA/TKH0211,680,2093,687,1176.3869519503444,29.0,9.341176470588236,HR
DTAA/TLB0017,412,1100,361,618.2635676757664,167.0,8.514563106796116,Engineer
DTAA/TLB0831,345,1352,443,759.9021304523965,0.0,7.504347826086956,HR
DTAA/TLV0936,345,1546,507,868.9413414788497,0.0,7.0,HR
DTAA/TNB0740,371,1378,452,774.5156329610963,204.0,8.30188679245283,Finance
DTAA/TPC0102,741,1570,515,882.4307284099574,6.0,9.58029689608637,HR
DTAA/TQC0249,365,1345,441,755.9677259308233,0.0,6.7095890410958905,Engineer
DTAA/TRB0414,713,1603,526,900.9786354402304,0.0,8.507713884992988,Intern
DTAA/TRP0068,345,1577,517,886.3651329315304,0.0,7.0,Admin
DTAA/TRT0979,161,302,99,169.74145221643766,0.0,7.0,Admin
DTAA/TSC0431,345,1695,556,952.6879520094762,0.0,7.495652173913044,Intern
DTAA/TSM0130,617,1846,606,1037.558678117695,0.0,9.564019448946516,Finance
DTAA/TTG0637,345,1976,648,1110.6261906611949,0.0,7.544927536231884,Intern
DTAA/TUA0298,715,1614,529,907.161271116988,0.0,9.52867132867133,Engineer
DTAA/TXR0884,345,1749,574,983.0390726044684,0.0,8.0,HR
DTAA/TZB0870,345,1126,369,632.8770701844662,0.0,7.0,HR
DTAA/UAD0165,345,1921,630,1079.7130122774065,0.0,7.0,Admin
DTAA/UBB0186,345,1711,561,961.6808766302147,0.0,7.0,Admin
DTAA/UBH0964,623,1675,549,941.4467962335533,0.0,10.163723916532906,HR
DTAA/UCM0106,345,1725,566,969.5496856733608,0.0,9.0,Engineer
DTAA/UGW0223,44,30,9,16.861733663884536,0.0,7.0,HR
DTAA/UJC0849,345,1690,554,949.8776630654955,0.0,8.0,Engineer
DTAA/ULB0178,635,1411,463,793.0635399913693,0.0,11.044094488188977,HR
DTAA/UMB0449,633,1383,454,777.3259219050772,0.0,9.609794628751974,Finance
DTAA/UMK0142,345,1550,508,871.1895726340343,0.0,8.0,Admin
DTAA/USB0641,334,1816,596,1020.6969444538106,0.0,7.0,HR
DTAA/VAH0262,685,1914,628,1075.7786077558335,0.0,11.327007299270074,Engineer
DTAA/VAP0168,617,1871,614,1051.610122837599,0.0,9.568881685575365,HR
DTAA/VBW0447,345,1597,524,897.6062887074535,0.0,8.0,Finance
DTAA/VCG0663,714,1220,400,685.7105023313045,177.0,9.428571428571429,Finance
DTAA/VDP0070,345,1371,450,770.5812284395233,0.0,9.0,Intern
DTAA/VFP0669,735,1506,494,846.4590299270037,198.0,9.593197278911564,Engineer
DTAA/VFS0231,345,1556,510,874.5619193668113,0.0,7.469565217391304,Admin
DTAA/VFT0014,345,1795,589,1008.8937308890914,0.0,8.0,Finance
DTAA/VIR0488,345,1498,491,841.9625676166345,0.0,7.533333333333333,Finance
DTAA/VJD0704,345,1374,451,772.2674018059117,0.0,8.0,HR
DTAA/VKB0605,345,1378,452,774.5156329610963,72.0,8.0,HR
DTAA/VMA0051,639,1483,486,833.5317007846922,208.0,10.302034428794991,Engineer
DTAA/VMF0423,205,311,102,174.79997231560301,0.0,8.0,Finance
DTAA/VMM0309,461,1198,393,673.3452309777891,0.0,8.436008676789587,Intern
DTAA/VNM0127,384,2049,672,1151.6564092433139,155.0,7.9609375,HR
DTAA/VUF0522,610,1723,565,968.4255700957685,0.0,9.534426229508197,Admin
DTAA/WAB0970,345,1595,523,896.4821731298612,0.0,8.0,HR
DTAA/WAH0813,345,1679,551,943.6950273887379,0.0,7.48695652173913,Finance
DTAA/WBW0591,345,1848,606,1038.6827936952875,0.0,7.0,HR
DTAA/WCB0440,345,1334,438,749.7850902540657,0.0,7.478260869565218,Finance
DTAA/WCM0391,345,1843,605,1035.8725047513067,0.0,8.0,Intern
DTAA/WCN0570,371,1881,617,1057.2307007255604,103.0,7.02156334231806,Finance
DTAA/WDW0064,345,1612,529,906.0371555393957,0.0,8.0,Finance
DTAA/WDW0198,345,1344,441,755.4056681420273,0.0,8.0,HR
DTAA/WDW0485,682,1338,439,752.0333214092503,312.0,10.049853372434018,HR
DTAA/WFH0909,345,1715,563,963.9291077853993,0.0,7.0,Engineer
DTAA/WFL0495,294,299,98,168.0552788500492,0.0,9.380952380952381,Admin
DTAA/WGL0515,345,1778,583,999.3387484795568,0.0,7.0,Admin
DTAA/WJG0153,626,1350,443,758.7780148748042,101.0,11.027156549520766,Admin
DTAA/WJR0592,345,1345,441,755.9677259308233,0.0,7.484057971014493,Admin
DTAA/WKH0407,609,1644,539,924.0230047808726,0.0,10.947454844006568,HR
DTAA/WLB0169,613,1589,521,893.1098263970842,0.0,9.567699836867863,Admin
DTAA/WMJ0364,626,1362,447,765.5227083403579,207.0,9.624600638977636,HR
DTAA/WNS0816,631,1544,506,867.8172259012574,0.0,10.253565768621236,Engineer
DTAA/WOT0549,723,1390,456,781.2603264266502,181.0,9.500691562932227,Intern
DTAA/WPH0764,345,1562,512,877.9342660995882,0.0,8.498550724637681,Finance
DTAA/WSL0470,626,1319,433,741.3542234221235,0.0,10.007987220447284,HR
DTAA/WTA0867,378,1415,464,795.311771146554,33.0,7.322751322751323,Intern
DTAA/WWC0894,345,1501,492,843.648740983023,0.0,8.481159420289854,Admin
DTAA/XCB0445,407,1635,536,918.9644846817072,0.0,7.737100737100737,HR
DTAA/XGB0052,345,1658,544,931.8918138240186,0.0,8.0,Finance
DTAA/XHN0227,345,1660,545,933.015929401611,0.0,6.0,Intern
DTAA/XIN0791,360,1942,637,1091.5162258421256,0.0,7.552777777777778,Engineer
DTAA/XKR0971,345,1868,613,1049.9239494712103,205.0,7.510144927536232,HR
DTAA/XQW0354,716,1300,426,730.6751254349965,180.0,10.800279329608939,Finance
DTAA/XRP0435,345,1681,551,944.8191429663302,0.0,8.44927536231884,Intern
DTAA/XXD0650,345,1724,566,968.9876278845646,0.0,7.0,Intern
DTAA/YCB0005,625,1536,504,863.3207635908882,345.0,9.208,HR
DTAA/YCB0967,345,1598,524,898.1683464962496,0.0,7.0,Admin
DTAA/YCD0922,345,1690,554,949.8776630654955,0.0,6.455072463768116,Admin
DTAA/YCS0667,345,1125,369,632.3150123956701,0.0,7.492753623188406,Finance
DTAA/YCV0635,345,1522,499,855.4519545477422,107.0,7.481159420289855,Finance
DTAA/YJJ0129,431,1186,389,666.6005375122353,0.0,7.821345707656612,Finance
DTAA/YLO0362,345,1659,544,932.4538716128149,0.0,8.0,Admin
DTAA/YQW0689,692,1646,540,925.1471203584649,138.0,8.841040462427745,Admin
DTAA/YSH0268,345,1667,547,936.9503339231841,0.0,7.530434782608696,HR
DTAA/YVF0045,720,1275,418,716.6236807150927,0.0,9.794444444444444,Intern
DTAA/ZAB0889,669,1947,639,1094.3265147861064,37.0,9.781763826606875,HR
DTAA/ZBH0980,345,1549,508,870.6275148452382,0.0,8.0,Admin
DTAA/ZBM0626,345,1458,478,819.4802560647885,0.0,6.495652173913044,Engineer
DTAA/ZCA0652,629,1337,439,751.4712636204541,0.0,10.165341812400635,Intern
DTAA/ZCH0336,345,1508,495,847.583145504596,0.0,7.0,Intern
DTAA/ZGH0528,627,1465,481,823.4146605863615,0.0,10.240829346092504,Intern
DTAA/ZKE0662,624,2034,667,1143.2255424113716,0.0,9.161858974358974,HR
DTAA/ZKH0388,674,1663,546,934.7021027679995,141.0,8.462908011869436,Admin
DTAA/ZKN0548,345,1723,565,968.4255700957685,0.0,8.0,Intern
DTAA/ZRR0705,345,1412,463,793.6255977801655,0.0,9.0,Engineer
